city,itemType,unit,unitRate
Karachi,brick,1000nos,18000
Karachi,cement,bag,1400
Karachi,sand,cft,70
Karachi,steelMaterial,ton,265000
Lahore,brick,1000nos,22000
Lahore,cement,bag,1550
Lahore,sand,cft,90
Lahore,steelMaterial,ton,275000
Islamabad,brick,1000nos,24000
Islamabad,cement,bag,1580
Islamabad,sand,cft,110
Islamabad,steelMaterial,ton,280000
Peshawar,brick,1000nos,23000
Peshawar,cement,bag,1600
Peshawar,sand,cft,105
Peshawar,steelMaterial,ton,278000
Quetta,brick,1000nos,25000
Quetta,cement,bag,1610
Quetta,sand,cft,120
Quetta,steelMaterial,ton,285000
Multan,brick,1000nos,20000
Multan,cement,bag,1500
Multan,sand,cft,85
Multan,steelMaterial,ton,270000